Teacher List,,,,,,,,,
²Q,,,,,,,,,
´@,,,,,,,,,
ÆA,,,,,,,,,
©É,,,,,,,,,
¥ª,,,,,,,,,
­J,,,,,,,,,
¹©,,,,,,,,,
¿o,,,,,,,,,
¹t,,,,,,,,,
¾H,,,,,,,,,
ªL,,,,,,,,,
¾G,,,,,,,,,
¹ç,,,,,,,,,
ÁÂ,,,,,,,,,
¾ô,,,,,,,,,
´f,,,,,,,,,
°Ï,,,,,,,,,
³\,,,,,,,,,
§g,,,,,,,,,
¦¿,,,,,,,,,
½å,,,,,,,,,
·Ø,,,,,,,,,
¿c,,,,,,,,,
«T,,,,,,,,,
ÅA,,,,,,,,,
ªY,,,,,,,,,
µX,,,,,,,,,
¹Å,,,,,,,,,
¶³,,,,,,,,,
´A,,,,,,,,,
®},,,,,,,,,
³¢,,,,,,,,,
¶®,,,,,,,,,
ÃQ,,,,,,,,,
§Ó,,,,,,,,,
ÄR,,,,,,,,,
ÀÆ,,,,,,,,,
¨ô,,,,,,,,,
æ¢,,,,,,,,,
¼B,,,,,,,,,
°ê,,,,,,,,,
®Ê,,,,,,,,,
¼z,,,,,,,,,
·¨,,,,,,,,,
Åï,,,,,,,,,
©P,,,,,,,,,
­s,,,,,,,,,
ÄY,,,,,,,,,
®S,,,,,,,,,
ÂE,,,,,,,,,
§d,,,,,,,,,
¶²,,,,,,,,,
?,,,,,,,,,
ÂÅ,,,,,,,,,
¤l,,,,,,,,,
ªF,,,,,,,,,
G,,,,,,,,,
K,,,,,,,,,
R,,,,,,,,,
